sampler_label,aggregate_report_count,average,aggregate_report_min,aggregate_report_max,aggregate_report_stddev,aggregate_report_error%,aggregate_report_rate,aggregate_report_bandwidth,average_bytes
/,126,8,4,338,29.783683037164014,0.0,0.013377613943295905,0.04673020026872017,3577.0
/login,64,30,24,116,13.114877048604,0.0,0.00679520937738894,0.3681955002972904,55485.0
/rtconsole,64,13,11,37,3.809392944994648,0.0,0.006795294513373033,0.36658092208324194,55241.0
/assets/images/basepanel.svg,128,7,3,212,21.952194986973257,0.0,0.013590597684756744,9.199202168209979E-4,69.3125
/orderCount,64,13,9,115,15.046534264054795,0.0,0.006795458297918201,0.22233890118501112,33504.0
/services/reports/v1/historical/orderStatusBreakdown,64,3569,2997,5613,430.6003156477449,0.0,0.006793122769878827,7.742196320611194,1167064.0
/logout,64,100,16,439,106.45082927217794,0.0,0.006986178827620949,0.028586024695050567,4190.0
TOTAL,574,419,3,5613,1126.191328116981,0.0,0.06063594002028029,8.732690127674042,147474.82578397213
