sampler_label,aggregate_report_count,average,aggregate_report_min,aggregate_report_max,aggregate_report_stddev,aggregate_report_error%,aggregate_report_rate,aggregate_report_bandwidth,average_bytes
/,945,15,4,759,45.54863309189871,0.0,0.10149257450253066,0.3545302138628439,3577.0
/login,480,41,24,292,29.4094939319488,0.0,0.05155346706732303,2.793402461162518,55485.0
/rtconsole,480,19,11,281,21.955433078549525,0.0,0.05155406507025208,2.7811504966267533,55241.0
/assets/images/basepanel.svg,480,13,3,459,39.331871827985196,0.0,0.05155443052331614,0.004562617447437036,90.625
/logout,480,142,13,490,122.1488090738494,0.0,0.05236942747014315,0.2142850596678709,4190.0
TOTAL,2865,41,3,759,76.10997584426578,0.0,0.3026474841331907,6.0434842117641345,20447.97382198953
