sampler_label,aggregate_report_count,average,aggregate_report_min,aggregate_report_max,aggregate_report_stddev,aggregate_report_error%,aggregate_report_rate,aggregate_report_bandwidth,average_bytes
/,63,10,4,321,39.45053448562914,0.0,0.00668791867830591,0.023361997179980703,3577.0
/login,32,33,24,166,25.075433072032872,0.0,0.0033971426420915953,0.18407271435200406,55485.0
/rtconsole,32,13,11,26,3.3317541832344113,0.0,0.0033972035918633575,0.18326652697082396,55241.0
/assets/images/basepanel.svg,64,7,3,194,23.650815714989093,0.0,0.006794416560795856,4.599003885450808E-4,69.3125
/orderresponse,32,14,9,101,16.033625554985996,0.0,0.0033972814953474226,0.09926100103447222,29919.0
/services/reports/v1/historical/orderResponseTime,32,3737,2704,6695,871.6965447969479,0.0,0.0033959489724707395,6.335799446715013,1910470.0
/logout,32,42,14,376,75.97614757277444,0.0,0.003493936110102662,0.014296476856767727,4190.0
TOTAL,287,432,3,6695,1207.0583996587409,0.0,0.0303181557687686,6.808663663076289,229963.57839721255
